asset_id,tier,site_id,catalog_tif_name,catalog_gpkg_name,catalog_resolution_m,tif_url,tif_http_status,tif_remote_size_bytes,tif_check_error,gpkg_url,gpkg_http_status,gpkg_remote_size_bytes,gpkg_check_error,expected_local_tif,exact_tif_present,exact_tif_size_bytes,expected_local_gpkg,exact_gpkg_present,exact_gpkg_size_bytes,same_event_local_tifs,same_event_local_gpkgs,local_status,actionable_missing_tif
Tier_1/AI_20110412_965145W472341N/AI_0_5m_20110412_965145W472341N_BM,Tier_1,AI_20110412_965145W472341N,AI_0_5m_20110412_965145W472341N_BM.tif,AI_0_5m_20110412_965145W472341N_AOI.gpkg,0.5,https://sdmlab.s3.amazonaws.com/FIM_Database/Tier_1/AI_20110412_965145W472341N/AI_0_5m_20110412_965145W472341N_BM.tif,200,161941262,,https://sdmlab.s3.amazonaws.com/FIM_Database/Tier_1/AI_20110412_965145W472341N/AI_0_5m_20110412_965145W472341N_AOI.gpkg,200,98304,,/home/cefect/LS/10_IO/2501_NSFc/FIM_Bench/fetch/Tier_1/AI_20110412_965145W472341N/AI_0_5m_20110412_965145W472341N_BM.tif,False,,/home/cefect/LS/10_IO/2501_NSFc/FIM_Bench/fetch/Tier_1/AI_20110412_965145W472341N/AI_0_5m_20110412_965145W472341N_AOI.gpkg,False,,,,missing,True
Tier_1/AI_20110414_970623W475915N/AI_0_5m_20110414_970623W475915N_BM,Tier_1,AI_20110414_970623W475915N,AI_0_5m_20110414_970623W475915N_BM.tif,AI_0_5m_20110414_970623W475915N_AOI.gpkg,0.5,https://sdmlab.s3.amazonaws.com/FIM_Database/Tier_1/AI_20110414_970623W475915N/AI_0_5m_20110414_970623W475915N_BM.tif,200,54698469,,https://sdmlab.s3.amazonaws.com/FIM_Database/Tier_1/AI_20110414_970623W475915N/AI_0_5m_20110414_970623W475915N_AOI.gpkg,200,98304,,/home/cefect/LS/10_IO/2501_NSFc/FIM_Bench/fetch/Tier_1/AI_20110414_970623W475915N/AI_0_5m_20110414_970623W475915N_BM.tif,False,,/home/cefect/LS/10_IO/2501_NSFc/FIM_Bench/fetch/Tier_1/AI_20110414_970623W475915N/AI_0_5m_20110414_970623W475915N_AOI.gpkg,False,,,,missing,True
Tier_1/AI_20160103_912407W345941N/AI_0_5m_20160103T4_912407W345941N_BM,Tier_1,AI_20160103_912407W345941N,AI_0_5m_20160103T4_912407W345941N_BM.tif,AI_0_5m_20160103T4_912407W345941N_AOI.gpkg,0.5,https://sdmlab.s3.amazonaws.com/FIM_Database/Tier_1/AI_20160103_912407W345941N/AI_0_5m_20160103T4_912407W345941N_BM.tif,200,532388857,,https://sdmlab.s3.amazonaws.com/FIM_Database/Tier_1/AI_20160103_912407W345941N/AI_0_5m_20160103T4_912407W345941N_AOI.gpkg,200,98304,,/home/cefect/LS/10_IO/2501_NSFc/FIM_Bench/fetch/Tier_1/AI_20160103_912407W345941N/AI_0_5m_20160103T4_912407W345941N_BM.tif,False,,/home/cefect/LS/10_IO/2501_NSFc/FIM_Bench/fetch/Tier_1/AI_20160103_912407W345941N/AI_0_5m_20160103T4_912407W345941N_AOI.gpkg,False,,,,missing,True
Tier_1/AI_20160103_915444W341929N/AI_0_4m_20160103T2_915444W341929N_BM,Tier_1,AI_20160103_915444W341929N,AI_0_4m_20160103T2_915444W341929N_BM.tif,AI_0_4m_20160103T2_915444W341929N_AOI.gpkg,0.4,https://sdmlab.s3.amazonaws.com/FIM_Database/Tier_1/AI_20160103_915444W341929N/AI_0_4m_20160103T2_915444W341929N_BM.tif,200,321435210,,https://sdmlab.s3.amazonaws.com/FIM_Database/Tier_1/AI_20160103_915444W341929N/AI_0_4m_20160103T2_915444W341929N_AOI.gpkg,200,98304,,/home/cefect/LS/10_IO/2501_NSFc/FIM_Bench/fetch/Tier_1/AI_20160103_915444W341929N/AI_0_4m_20160103T2_915444W341929N_BM.tif,True,321435210,/home/cefect/LS/10_IO/2501_NSFc/FIM_Bench/fetch/Tier_1/AI_20160103_915444W341929N/AI_0_4m_20160103T2_915444W341929N_AOI.gpkg,True,33193984,AI_0_4m_20160103T2_915444W341929N_BM.tif,AI_0_4m_20160103T2_915444W341929N_AOI.gpkg,complete_exact,False
Tier_1/AI_20160103_923809W350109N/AI_0_4m_20160103_923809W350109N_BM,Tier_1,AI_20160103_923809W350109N,AI_0_4m_20160103_923809W350109N_BM.tif,AI_0_4m_20160103_923809W350109N_AOI.gpkg,0.4,https://sdmlab.s3.amazonaws.com/FIM_Database/Tier_1/AI_20160103_923809W350109N/AI_0_4m_20160103_923809W350109N_BM.tif,404,,,https://sdmlab.s3.amazonaws.com/FIM_Database/Tier_1/AI_20160103_923809W350109N/AI_0_4m_20160103_923809W350109N_AOI.gpkg,404,,,/home/cefect/LS/10_IO/2501_NSFc/FIM_Bench/fetch/Tier_1/AI_20160103_923809W350109N/AI_0_4m_20160103_923809W350109N_BM.tif,True,337301251,/home/cefect/LS/10_IO/2501_NSFc/FIM_Bench/fetch/Tier_1/AI_20160103_923809W350109N/AI_0_4m_20160103_923809W350109N_AOI.gpkg,True,14139392,AI_0_4m_20160103_923809W350109N_BM.tif,AI_0_4m_20160103_923809W350109N_AOI.gpkg,complete_exact,False
Tier_1/AI_20160104_902358W395729N/AI_0_4m_20160104T1_902358W395729N_BM,Tier_1,AI_20160104_902358W395729N,AI_0_4m_20160104T1_902358W395729N_BM.tif,AI_0_4m_20160104T1_902358W395729N_AOI.gpkg,0.4,https://sdmlab.s3.amazonaws.com/FIM_Database/Tier_1/AI_20160104_902358W395729N/AI_0_4m_20160104T1_902358W395729N_BM.tif,404,,,https://sdmlab.s3.amazonaws.com/FIM_Database/Tier_1/AI_20160104_902358W395729N/AI_0_4m_20160104T1_902358W395729N_AOI.gpkg,404,,,/home/cefect/LS/10_IO/2501_NSFc/FIM_Bench/fetch/Tier_1/AI_20160104_902358W395729N/AI_0_4m_20160104T1_902358W395729N_BM.tif,False,,/home/cefect/LS/10_IO/2501_NSFc/FIM_Bench/fetch/Tier_1/AI_20160104_902358W395729N/AI_0_4m_20160104T1_902358W395729N_AOI.gpkg,False,,AI_0_4m_20160104_902358W395729N_BM.tif,AI_0_4m_20160104_902358W395729N_AOI.gpkg,same_event_filename_mismatch,False
Tier_1/AI_20170831T1_953124W295936N/AI_0_3m_20170831T1_953124W295936N_BM,Tier_1,AI_20170831T1_953124W295936N,AI_0_3m_20170831T1_953124W295936N_BM.tif,AI_0_3m_20170831T1_953124W295936N_AOI.gpkg,0.3,https://sdmlab.s3.amazonaws.com/FIM_Database/Tier_1/AI_20170831T1_953124W295936N/AI_0_3m_20170831T1_953124W295936N_BM.tif,200,560416493,,https://sdmlab.s3.amazonaws.com/FIM_Database/Tier_1/AI_20170831T1_953124W295936N/AI_0_3m_20170831T1_953124W295936N_AOI.gpkg,200,98304,,/home/cefect/LS/10_IO/2501_NSFc/FIM_Bench/fetch/Tier_1/AI_20170831T1_953124W295936N/AI_0_3m_20170831T1_953124W295936N_BM.tif,False,,/home/cefect/LS/10_IO/2501_NSFc/FIM_Bench/fetch/Tier_1/AI_20170831T1_953124W295936N/AI_0_3m_20170831T1_953124W295936N_AOI.gpkg,False,,,,missing,True
Tier_1/AI_20170831_953259W294459N/AI_0_3m_20170831_953259W294459N_BM,Tier_1,AI_20170831_953259W294459N,AI_0_3m_20170831_953259W294459N_BM.tif,AI_0_3m_20170831_953259W294459N_AOI.gpkg,0.3,https://sdmlab.s3.amazonaws.com/FIM_Database/Tier_1/AI_20170831_953259W294459N/AI_0_3m_20170831_953259W294459N_BM.tif,200,14999162,,https://sdmlab.s3.amazonaws.com/FIM_Database/Tier_1/AI_20170831_953259W294459N/AI_0_3m_20170831_953259W294459N_AOI.gpkg,200,98304,,/home/cefect/LS/10_IO/2501_NSFc/FIM_Bench/fetch/Tier_1/AI_20170831_953259W294459N/AI_0_3m_20170831_953259W294459N_BM.tif,True,14999162,/home/cefect/LS/10_IO/2501_NSFc/FIM_Bench/fetch/Tier_1/AI_20170831_953259W294459N/AI_0_3m_20170831_953259W294459N_AOI.gpkg,True,118784,AI_0_3m_20170831_953259W294459N_BM.tif,AI_0_3m_20170831_953259W294459N_AOI.gpkg,complete_exact,False
Tier_1/AI_20170903_953036W293058N/AI_0_3m_20170903_953036W293058N_BM,Tier_1,AI_20170903_953036W293058N,AI_0_3m_20170903_953036W293058N_BM.tif,AI_0_3m_20170903_953036W293058N_AOI.gpkg,0.3,https://sdmlab.s3.amazonaws.com/FIM_Database/Tier_1/AI_20170903_953036W293058N/AI_0_3m_20170903_953036W293058N_BM.tif,200,468069678,,https://sdmlab.s3.amazonaws.com/FIM_Database/Tier_1/AI_20170903_953036W293058N/AI_0_3m_20170903_953036W293058N_AOI.gpkg,200,98304,,/home/cefect/LS/10_IO/2501_NSFc/FIM_Bench/fetch/Tier_1/AI_20170903_953036W293058N/AI_0_3m_20170903_953036W293058N_BM.tif,False,,/home/cefect/LS/10_IO/2501_NSFc/FIM_Bench/fetch/Tier_1/AI_20170903_953036W293058N/AI_0_3m_20170903_953036W293058N_AOI.gpkg,False,,,,missing,True
Tier_1/AI_20250412_854320W381510N/AI_0_2m_20250412_854320W381510N_BM,Tier_1,AI_20250412_854320W381510N,AI_0_2m_20250412_854320W381510N_BM.tif,AI_0_2m_20250412_854320W381510N_AOI.gpkg,0.2,https://sdmlab.s3.amazonaws.com/FIM_Database/Tier_1/AI_20250412_854320W381510N/AI_0_2m_20250412_854320W381510N_BM.tif,200,520862276,,https://sdmlab.s3.amazonaws.com/FIM_Database/Tier_1/AI_20250412_854320W381510N/AI_0_2m_20250412_854320W381510N_AOI.gpkg,200,98304,,/home/cefect/LS/10_IO/2501_NSFc/FIM_Bench/fetch/Tier_1/AI_20250412_854320W381510N/AI_0_2m_20250412_854320W381510N_BM.tif,True,520862276,/home/cefect/LS/10_IO/2501_NSFc/FIM_Bench/fetch/Tier_1/AI_20250412_854320W381510N/AI_0_2m_20250412_854320W381510N_AOI.gpkg,True,6422528,AI_0_2m_20250412_854320W381510N_BM.tif,AI_0_2m_20250412_854320W381510N_AOI.gpkg,complete_exact,False
Tier_2/PSS_20161014T150759_780013W352043N/PSS_3_1m_20161014T150759_780013W352043N_BM,Tier_2,PSS_20161014T150759_780013W352043N,PSS_3_1m_20161014T150759_780013W352043N_BM.tif,PSS_3_1m_20161014T150759_780013W352043N_AOI.gpkg,3.1,https://sdmlab.s3.amazonaws.com/FIM_Database/Tier_2/PSS_20161014T150759_780013W352043N/PSS_3_1m_20161014T150759_780013W352043N_BM.tif,200,4187682,,https://sdmlab.s3.amazonaws.com/FIM_Database/Tier_2/PSS_20161014T150759_780013W352043N/PSS_3_1m_20161014T150759_780013W352043N_AOI.gpkg,200,98304,,/home/cefect/LS/10_IO/2501_NSFc/FIM_Bench/fetch/Tier_2/PSS_20161014T150759_780013W352043N/PSS_3_1m_20161014T150759_780013W352043N_BM.tif,False,,/home/cefect/LS/10_IO/2501_NSFc/FIM_Bench/fetch/Tier_2/PSS_20161014T150759_780013W352043N/PSS_3_1m_20161014T150759_780013W352043N_AOI.gpkg,False,,,,missing,True
Tier_2/PSS_20170502T161000_930151W385351N/PSS_1_0m_20170502T161000_930151W385351N_BM,Tier_2,PSS_20170502T161000_930151W385351N,PSS_1_0m_20170502T161000_930151W385351N_BM.tif,PSS_1_0m_20170502T161000_930151W385351N_AOI.gpkg,1.0,https://sdmlab.s3.amazonaws.com/FIM_Database/Tier_2/PSS_20170502T161000_930151W385351N/PSS_1_0m_20170502T161000_930151W385351N_BM.tif,200,8061024,,https://sdmlab.s3.amazonaws.com/FIM_Database/Tier_2/PSS_20170502T161000_930151W385351N/PSS_1_0m_20170502T161000_930151W385351N_AOI.gpkg,200,98304,,/home/cefect/LS/10_IO/2501_NSFc/FIM_Bench/fetch/Tier_2/PSS_20170502T161000_930151W385351N/PSS_1_0m_20170502T161000_930151W385351N_BM.tif,True,8061024,/home/cefect/LS/10_IO/2501_NSFc/FIM_Bench/fetch/Tier_2/PSS_20170502T161000_930151W385351N/PSS_1_0m_20170502T161000_930151W385351N_AOI.gpkg,True,565248,PSS_1_0m_20170502T161000_930151W385351N_BM.tif,PSS_1_0m_20170502T161000_930151W385351N_AOI.gpkg,complete_exact,False
Tier_2/PSS_20170502T161000_930337W385954N/PSS_1_0m_20170502T161000_930337W385954N_BM,Tier_2,PSS_20170502T161000_930337W385954N,PSS_1_0m_20170502T161000_930337W385954N_BM.tif,PSS_1_0m_20170502T161000_930337W385954N_AOI.gpkg,1.0,https://sdmlab.s3.amazonaws.com/FIM_Database/Tier_2/PSS_20170502T161000_930337W385954N/PSS_1_0m_20170502T161000_930337W385954N_BM.tif,200,6211001,,https://sdmlab.s3.amazonaws.com/FIM_Database/Tier_2/PSS_20170502T161000_930337W385954N/PSS_1_0m_20170502T161000_930337W385954N_AOI.gpkg,200,98304,,/home/cefect/LS/10_IO/2501_NSFc/FIM_Bench/fetch/Tier_2/PSS_20170502T161000_930337W385954N/PSS_1_0m_20170502T161000_930337W385954N_BM.tif,True,6211001,/home/cefect/LS/10_IO/2501_NSFc/FIM_Bench/fetch/Tier_2/PSS_20170502T161000_930337W385954N/PSS_1_0m_20170502T161000_930337W385954N_AOI.gpkg,True,651264,PSS_1_0m_20170502T161000_930337W385954N_BM.tif,PSS_1_0m_20170502T161000_930337W385954N_AOI.gpkg,complete_exact,False
Tier_2/PSS_20170830T162251_964235W294719N/PSS_3_1m_20170830T162251_964235W294719N_BM,Tier_2,PSS_20170830T162251_964235W294719N,PSS_3_1m_20170830T162251_964235W294719N_BM.tif,PSS_3_1m_20170830T162251_964235W294719N_AOI.gpkg,3.1,https://sdmlab.s3.amazonaws.com/FIM_Database/Tier_2/PSS_20170830T162251_964235W294719N/PSS_3_1m_20170830T162251_964235W294719N_BM.tif,200,3195737,,https://sdmlab.s3.amazonaws.com/FIM_Database/Tier_2/PSS_20170830T162251_964235W294719N/PSS_3_1m_20170830T162251_964235W294719N_AOI.gpkg,200,98304,,/home/cefect/LS/10_IO/2501_NSFc/FIM_Bench/fetch/Tier_2/PSS_20170830T162251_964235W294719N/PSS_3_1m_20170830T162251_964235W294719N_BM.tif,False,,/home/cefect/LS/10_IO/2501_NSFc/FIM_Bench/fetch/Tier_2/PSS_20170830T162251_964235W294719N/PSS_3_1m_20170830T162251_964235W294719N_AOI.gpkg,False,,,,missing,True
Tier_2/PSS_20170830T173000_962445W293624N/PSS_3_0m_20170830T173000_962445W293624N_BM,Tier_2,PSS_20170830T173000_962445W293624N,PSS_3_0m_20170830T173000_962445W293624N_BM.tif,PSS_3_0m_20170830T173000_962445W293624N_AOI.gpkg,3.0,https://sdmlab.s3.amazonaws.com/FIM_Database/Tier_2/PSS_20170830T173000_962445W293624N/PSS_3_0m_20170830T173000_962445W293624N_BM.tif,200,6732317,,https://sdmlab.s3.amazonaws.com/FIM_Database/Tier_2/PSS_20170830T173000_962445W293624N/PSS_3_0m_20170830T173000_962445W293624N_AOI.gpkg,200,98304,,/home/cefect/LS/10_IO/2501_NSFc/FIM_Bench/fetch/Tier_2/PSS_20170830T173000_962445W293624N/PSS_3_0m_20170830T173000_962445W293624N_BM.tif,True,6732317,/home/cefect/LS/10_IO/2501_NSFc/FIM_Bench/fetch/Tier_2/PSS_20170830T173000_962445W293624N/PSS_3_0m_20170830T173000_962445W293624N_AOI.gpkg,True,8724480,PSS_3_0m_20170830T173000_962445W293624N_BM.tif,PSS_3_0m_20170830T173000_962445W293624N_AOI.gpkg,complete_exact,False
Tier_2/PSS_20190919T165541_963700W424518N/PSS_1_0m_20190919T165541_963700W424518N_BM,Tier_2,PSS_20190919T165541_963700W424518N,PSS_1_0m_20190919T165541_963700W424518N_BM.tif,PSS_1_0m_20190919T165541_963700W424518N_AOI.gpkg,1.0,https://sdmlab.s3.amazonaws.com/FIM_Database/Tier_2/PSS_20190919T165541_963700W424518N/PSS_1_0m_20190919T165541_963700W424518N_BM.tif,200,24986961,,https://sdmlab.s3.amazonaws.com/FIM_Database/Tier_2/PSS_20190919T165541_963700W424518N/PSS_1_0m_20190919T165541_963700W424518N_AOI.gpkg,200,98304,,/home/cefect/LS/10_IO/2501_NSFc/FIM_Bench/fetch/Tier_2/PSS_20190919T165541_963700W424518N/PSS_1_0m_20190919T165541_963700W424518N_BM.tif,True,24986961,/home/cefect/LS/10_IO/2501_NSFc/FIM_Bench/fetch/Tier_2/PSS_20190919T165541_963700W424518N/PSS_1_0m_20190919T165541_963700W424518N_AOI.gpkg,True,6725632,PSS_1_0m_20190919T165541_963700W424518N_BM.tif,PSS_1_0m_20190919T165541_963700W424518N_AOI.gpkg,complete_exact,False
Tier_2/PSS_20240623T163213_951940W425401N/PSS_3_0m_20240623T163213_951940W425401N_BM,Tier_2,PSS_20240623T163213_951940W425401N,PSS_3_0m_20240623T163213_951940W425401N_BM.tif,PSS_3_0m_20240623T163213_951940W425401N_AOI.gpkg,3.0,https://sdmlab.s3.amazonaws.com/FIM_Database/Tier_2/PSS_20240623T163213_951940W425401N/PSS_3_0m_20240623T163213_951940W425401N_BM.tif,200,1757294,,https://sdmlab.s3.amazonaws.com/FIM_Database/Tier_2/PSS_20240623T163213_951940W425401N/PSS_3_0m_20240623T163213_951940W425401N_AOI.gpkg,200,98304,,/home/cefect/LS/10_IO/2501_NSFc/FIM_Bench/fetch/Tier_2/PSS_20240623T163213_951940W425401N/PSS_3_0m_20240623T163213_951940W425401N_BM.tif,True,1757294,/home/cefect/LS/10_IO/2501_NSFc/FIM_Bench/fetch/Tier_2/PSS_20240623T163213_951940W425401N/PSS_3_0m_20240623T163213_951940W425401N_AOI.gpkg,True,585728,PSS_3_0m_20240623T163213_951940W425401N_BM.tif,PSS_3_0m_20240623T163213_951940W425401N_AOI.gpkg,complete_exact,False
Tier_2/PSS_20240623T172005_953000W424913N/PSS_3_1m_20240623T172005_953000W424913N_BM,Tier_2,PSS_20240623T172005_953000W424913N,PSS_3_1m_20240623T172005_953000W424913N_BM.tif,PSS_3_1m_20240623T172005_953000W424913N_AOI.gpkg,3.1,https://sdmlab.s3.amazonaws.com/FIM_Database/Tier_2/PSS_20240623T172005_953000W424913N/PSS_3_1m_20240623T172005_953000W424913N_BM.tif,200,1249489,,https://sdmlab.s3.amazonaws.com/FIM_Database/Tier_2/PSS_20240623T172005_953000W424913N/PSS_3_1m_20240623T172005_953000W424913N_AOI.gpkg,200,98304,,/home/cefect/LS/10_IO/2501_NSFc/FIM_Bench/fetch/Tier_2/PSS_20240623T172005_953000W424913N/PSS_3_1m_20240623T172005_953000W424913N_BM.tif,False,,/home/cefect/LS/10_IO/2501_NSFc/FIM_Bench/fetch/Tier_2/PSS_20240623T172005_953000W424913N/PSS_3_1m_20240623T172005_953000W424913N_AOI.gpkg,False,,,,missing,True
Tier_2/PSS_20240623T172354_955825W430019N/PSS_3_0m_20240623T172354_955825W430019N_BM,Tier_2,PSS_20240623T172354_955825W430019N,PSS_3_0m_20240623T172354_955825W430019N_BM.tif,PSS_3_0m_20240623T172354_955825W430019N_AOI.gpkg,3.0,https://sdmlab.s3.amazonaws.com/FIM_Database/Tier_2/PSS_20240623T172354_955825W430019N/PSS_3_0m_20240623T172354_955825W430019N_BM.tif,200,2728423,,https://sdmlab.s3.amazonaws.com/FIM_Database/Tier_2/PSS_20240623T172354_955825W430019N/PSS_3_0m_20240623T172354_955825W430019N_AOI.gpkg,200,98304,,/home/cefect/LS/10_IO/2501_NSFc/FIM_Bench/fetch/Tier_2/PSS_20240623T172354_955825W430019N/PSS_3_0m_20240623T172354_955825W430019N_BM.tif,True,2728423,/home/cefect/LS/10_IO/2501_NSFc/FIM_Bench/fetch/Tier_2/PSS_20240623T172354_955825W430019N/PSS_3_0m_20240623T172354_955825W430019N_AOI.gpkg,True,1044480,PSS_3_0m_20240623T172354_955825W430019N_BM.tif,PSS_3_0m_20240623T172354_955825W430019N_AOI.gpkg,complete_exact,False
Tier_2/PSS_20240623T172400_954756W423023N/PSS_3_0m_20240623T172400_954756W423023N_BM,Tier_2,PSS_20240623T172400_954756W423023N,PSS_3_0m_20240623T172400_954756W423023N_BM.tif,PSS_3_0m_20240623T172400_954756W423023N_AOI.gpkg,3.0,https://sdmlab.s3.amazonaws.com/FIM_Database/Tier_2/PSS_20240623T172400_954756W423023N/PSS_3_0m_20240623T172400_954756W423023N_BM.tif,200,4357819,,https://sdmlab.s3.amazonaws.com/FIM_Database/Tier_2/PSS_20240623T172400_954756W423023N/PSS_3_0m_20240623T172400_954756W423023N_AOI.gpkg,200,98304,,/home/cefect/LS/10_IO/2501_NSFc/FIM_Bench/fetch/Tier_2/PSS_20240623T172400_954756W423023N/PSS_3_0m_20240623T172400_954756W423023N_BM.tif,True,4357819,/home/cefect/LS/10_IO/2501_NSFc/FIM_Bench/fetch/Tier_2/PSS_20240623T172400_954756W423023N/PSS_3_0m_20240623T172400_954756W423023N_AOI.gpkg,True,831488,PSS_3_0m_20240623T172400_954756W423023N_BM.tif,PSS_3_0m_20240623T172400_954756W423023N_AOI.gpkg,complete_exact,False
Tier_2/PSS_20240623T172530_962650W425825N/PSS_3_0m_20240623T172530_962650W425825N_BM,Tier_2,PSS_20240623T172530_962650W425825N,PSS_3_0m_20240623T172530_962650W425825N_BM.tif,PSS_3_0m_20240623T172530_962650W425825N_AOI.gpkg,3.0,https://sdmlab.s3.amazonaws.com/FIM_Database/Tier_2/PSS_20240623T172530_962650W425825N/PSS_3_0m_20240623T172530_962650W425825N_BM.tif,200,21485514,,https://sdmlab.s3.amazonaws.com/FIM_Database/Tier_2/PSS_20240623T172530_962650W425825N/PSS_3_0m_20240623T172530_962650W425825N_AOI.gpkg,200,98304,,/home/cefect/LS/10_IO/2501_NSFc/FIM_Bench/fetch/Tier_2/PSS_20240623T172530_962650W425825N/PSS_3_0m_20240623T172530_962650W425825N_BM.tif,True,21485514,/home/cefect/LS/10_IO/2501_NSFc/FIM_Bench/fetch/Tier_2/PSS_20240623T172530_962650W425825N/PSS_3_0m_20240623T172530_962650W425825N_AOI.gpkg,True,2850816,PSS_3_0m_20240623T172530_962650W425825N_BM.tif,PSS_3_0m_20240623T172530_962650W425825N_AOI.gpkg,complete_exact,False
Tier_2/PSS_20240623T173107_960939W431402N/PSS_3_0m_20240623T173107_960939W431402N_BM,Tier_2,PSS_20240623T173107_960939W431402N,PSS_3_0m_20240623T173107_960939W431402N_BM.tif,PSS_3_0m_20240623T173107_960939W431402N_AOI.gpkg,3.0,https://sdmlab.s3.amazonaws.com/FIM_Database/Tier_2/PSS_20240623T173107_960939W431402N/PSS_3_0m_20240623T173107_960939W431402N_BM.tif,200,9982594,,https://sdmlab.s3.amazonaws.com/FIM_Database/Tier_2/PSS_20240623T173107_960939W431402N/PSS_3_0m_20240623T173107_960939W431402N_AOI.gpkg,200,98304,,/home/cefect/LS/10_IO/2501_NSFc/FIM_Bench/fetch/Tier_2/PSS_20240623T173107_960939W431402N/PSS_3_0m_20240623T173107_960939W431402N_BM.tif,True,9982594,/home/cefect/LS/10_IO/2501_NSFc/FIM_Bench/fetch/Tier_2/PSS_20240623T173107_960939W431402N/PSS_3_0m_20240623T173107_960939W431402N_AOI.gpkg,True,5378048,PSS_3_0m_20240623T173107_960939W431402N_BM.tif,PSS_3_0m_20240623T173107_960939W431402N_AOI.gpkg,complete_exact,False
Tier_2/PSS_20240624T162946_950319W430430N/PSS_3_4m_20240624T162946_950319W430430N_BM,Tier_2,PSS_20240624T162946_950319W430430N,PSS_3_4m_20240624T162946_950319W430430N_BM.tif,PSS_3_4m_20240624T162946_950319W430430N_AOI.gpkg,3.4,https://sdmlab.s3.amazonaws.com/FIM_Database/Tier_2/PSS_20240624T162946_950319W430430N/PSS_3_4m_20240624T162946_950319W430430N_BM.tif,200,2369049,,https://sdmlab.s3.amazonaws.com/FIM_Database/Tier_2/PSS_20240624T162946_950319W430430N/PSS_3_4m_20240624T162946_950319W430430N_AOI.gpkg,200,98304,,/home/cefect/LS/10_IO/2501_NSFc/FIM_Bench/fetch/Tier_2/PSS_20240624T162946_950319W430430N/PSS_3_4m_20240624T162946_950319W430430N_BM.tif,False,,/home/cefect/LS/10_IO/2501_NSFc/FIM_Bench/fetch/Tier_2/PSS_20240624T162946_950319W430430N/PSS_3_4m_20240624T162946_950319W430430N_AOI.gpkg,False,,,,missing,True
Tier_2/PSS_20240624T162946_951226W430652N/PSS_3_0m_20240624T162946_951226W430652N_BM,Tier_2,PSS_20240624T162946_951226W430652N,PSS_3_0m_20240624T162946_951226W430652N_BM.tif,PSS_3_0m_20240624T162946_951226W430652N_AOI.gpkg,3.0,https://sdmlab.s3.amazonaws.com/FIM_Database/Tier_2/PSS_20240624T162946_951226W430652N/PSS_3_0m_20240624T162946_951226W430652N_BM.tif,200,571650,,https://sdmlab.s3.amazonaws.com/FIM_Database/Tier_2/PSS_20240624T162946_951226W430652N/PSS_3_0m_20240624T162946_951226W430652N_AOI.gpkg,200,98304,,/home/cefect/LS/10_IO/2501_NSFc/FIM_Bench/fetch/Tier_2/PSS_20240624T162946_951226W430652N/PSS_3_0m_20240624T162946_951226W430652N_BM.tif,False,,/home/cefect/LS/10_IO/2501_NSFc/FIM_Bench/fetch/Tier_2/PSS_20240624T162946_951226W430652N/PSS_3_0m_20240624T162946_951226W430652N_AOI.gpkg,False,,,,missing,True
Tier_2/PSS_20240624T163137_952652W425148N/PSS_3_1m_20240624T163137_952652W425148N_BM,Tier_2,PSS_20240624T163137_952652W425148N,PSS_3_1m_20240624T163137_952652W425148N_BM.tif,PSS_3_1m_20240624T163137_952652W425148N_AOI.gpkg,3.1,https://sdmlab.s3.amazonaws.com/FIM_Database/Tier_2/PSS_20240624T163137_952652W425148N/PSS_3_1m_20240624T163137_952652W425148N_BM.tif,200,5639280,,https://sdmlab.s3.amazonaws.com/FIM_Database/Tier_2/PSS_20240624T163137_952652W425148N/PSS_3_1m_20240624T163137_952652W425148N_AOI.gpkg,200,98304,,/home/cefect/LS/10_IO/2501_NSFc/FIM_Bench/fetch/Tier_2/PSS_20240624T163137_952652W425148N/PSS_3_1m_20240624T163137_952652W425148N_BM.tif,False,,/home/cefect/LS/10_IO/2501_NSFc/FIM_Bench/fetch/Tier_2/PSS_20240624T163137_952652W425148N/PSS_3_1m_20240624T163137_952652W425148N_AOI.gpkg,False,,,,missing,True
Tier_2/PSS_20240624T163331_954941W422709N/PSS_3_0m_20240624T163331_954941W422709N_BM,Tier_2,PSS_20240624T163331_954941W422709N,PSS_3_0m_20240624T163331_954941W422709N_BM.tif,PSS_3_0m_20240624T163331_954941W422709N_AOI.gpkg,3.0,https://sdmlab.s3.amazonaws.com/FIM_Database/Tier_2/PSS_20240624T163331_954941W422709N/PSS_3_0m_20240624T163331_954941W422709N_BM.tif,200,2346553,,https://sdmlab.s3.amazonaws.com/FIM_Database/Tier_2/PSS_20240624T163331_954941W422709N/PSS_3_0m_20240624T163331_954941W422709N_AOI.gpkg,200,98304,,/home/cefect/LS/10_IO/2501_NSFc/FIM_Bench/fetch/Tier_2/PSS_20240624T163331_954941W422709N/PSS_3_0m_20240624T163331_954941W422709N_BM.tif,True,2346553,/home/cefect/LS/10_IO/2501_NSFc/FIM_Bench/fetch/Tier_2/PSS_20240624T163331_954941W422709N/PSS_3_0m_20240624T163331_954941W422709N_AOI.gpkg,True,380928,PSS_3_0m_20240624T163331_954941W422709N_BM.tif,PSS_3_0m_20240624T163331_954941W422709N_AOI.gpkg,complete_exact,False
Tier_2/PSS_20240624T164337_962932W431356N/PSS_3_2m_20240624T164337_962932W431356N_BM,Tier_2,PSS_20240624T164337_962932W431356N,PSS_3_2m_20240624T164337_962932W431356N_BM.tif,PSS_3_2m_20240624T164337_962932W431356N_AOI.gpkg,3.2,https://sdmlab.s3.amazonaws.com/FIM_Database/Tier_2/PSS_20240624T164337_962932W431356N/PSS_3_2m_20240624T164337_962932W431356N_BM.tif,200,1448767,,https://sdmlab.s3.amazonaws.com/FIM_Database/Tier_2/PSS_20240624T164337_962932W431356N/PSS_3_2m_20240624T164337_962932W431356N_AOI.gpkg,200,98304,,/home/cefect/LS/10_IO/2501_NSFc/FIM_Bench/fetch/Tier_2/PSS_20240624T164337_962932W431356N/PSS_3_2m_20240624T164337_962932W431356N_BM.tif,False,,/home/cefect/LS/10_IO/2501_NSFc/FIM_Bench/fetch/Tier_2/PSS_20240624T164337_962932W431356N/PSS_3_2m_20240624T164337_962932W431356N_AOI.gpkg,False,,,,missing,True
Tier_2/PSS_20240624T164337_963354W431528N/PSS_3_2m_20240624T164337_963354W431528N_BM,Tier_2,PSS_20240624T164337_963354W431528N,PSS_3_2m_20240624T164337_963354W431528N_BM.tif,PSS_3_2m_20240624T164337_963354W431528N_AOI.gpkg,3.2,https://sdmlab.s3.amazonaws.com/FIM_Database/Tier_2/PSS_20240624T164337_963354W431528N/PSS_3_2m_20240624T164337_963354W431528N_BM.tif,200,1173566,,https://sdmlab.s3.amazonaws.com/FIM_Database/Tier_2/PSS_20240624T164337_963354W431528N/PSS_3_2m_20240624T164337_963354W431528N_AOI.gpkg,200,98304,,/home/cefect/LS/10_IO/2501_NSFc/FIM_Bench/fetch/Tier_2/PSS_20240624T164337_963354W431528N/PSS_3_2m_20240624T164337_963354W431528N_BM.tif,False,,/home/cefect/LS/10_IO/2501_NSFc/FIM_Bench/fetch/Tier_2/PSS_20240624T164337_963354W431528N/PSS_3_2m_20240624T164337_963354W431528N_AOI.gpkg,False,,,,missing,True
Tier_2/PSS_20240624T173108_960707W431805N/PSS_2_8m_20240624T173108_960707W431805N_BM,Tier_2,PSS_20240624T173108_960707W431805N,PSS_2_8m_20240624T173108_960707W431805N_BM.tif,PSS_2_8m_20240624T173108_960707W431805N_AOI.gpkg,2.8,https://sdmlab.s3.amazonaws.com/FIM_Database/Tier_2/PSS_20240624T173108_960707W431805N/PSS_2_8m_20240624T173108_960707W431805N_BM.tif,200,1164407,,https://sdmlab.s3.amazonaws.com/FIM_Database/Tier_2/PSS_20240624T173108_960707W431805N/PSS_2_8m_20240624T173108_960707W431805N_AOI.gpkg,200,98304,,/home/cefect/LS/10_IO/2501_NSFc/FIM_Bench/fetch/Tier_2/PSS_20240624T173108_960707W431805N/PSS_2_8m_20240624T173108_960707W431805N_BM.tif,False,,/home/cefect/LS/10_IO/2501_NSFc/FIM_Bench/fetch/Tier_2/PSS_20240624T173108_960707W431805N/PSS_2_8m_20240624T173108_960707W431805N_AOI.gpkg,False,,,,missing,True
